Wvl.,Ref. Rad. [μW/cm^2/sr/nm],Bai,,Wvl.,Ref. Rad. [μW/cm^2/sr/nm],Mengqi
350,0.0230287,,,350,0.146568,
351,0.0229975,,,351,0.14583,
352,0.0228964,,,352,0.145125,
353,0.0228747,,,353,0.144324,
354,0.0228694,,,354,0.143489,
355,0.0228256,,,355,0.142645,
356,0.0228239,,,356,0.142224,
357,0.0228421,,,357,0.142142,
358,0.0228365,,,358,0.142328,
359,0.02287,,,359,0.142464,
360,0.0229455,,,360,0.142559,
361,0.023024,,,361,0.143043,
362,0.0231007,,,362,0.143693,
363,0.0231706,,,363,0.144413,
364,0.0233445,,,364,0.145215,
365,0.0235152,,,365,0.146264,
366,0.0235688,,,366,0.14774,
367,0.0236807,,,367,0.149506,
368,0.0239076,,,368,0.151528,
369,0.0243609,,,369,0.153768,
370,0.0248181,,,370,0.155921,
371,0.0252613,,,371,0.15798,
372,0.0258212,,,372,0.160167,
373,0.0263449,,,373,0.162808,
374,0.0267808,,,374,0.165984,
375,0.0273033,,,375,0.168747,
376,0.0278845,,,376,0.171534,
377,0.0285282,,,377,0.174763,
378,0.0289816,,,378,0.177516,
379,0.0293342,,,379,0.180076,
380,0.0297301,,,380,0.182996,
381,0.0301105,,,381,0.185428,
382,0.0305058,,,382,0.187546,
383,0.0310468,,,383,0.190198,
384,0.0314794,,,384,0.192216,
385,0.0318103,,,385,0.193591,
386,0.0324607,,,386,0.195679,
387,0.032924,,,387,0.197666,
388,0.0330398,,,388,0.199321,
389,0.0334957,,,389,0.201678,
390,0.0340084,,,390,0.204106,
391,0.0343899,,,391,0.206156,
392,0.0349247,,,392,0.208368,
393,0.0354874,,,393,0.210434,
394,0.0358536,,,394,0.211628,
395,0.0367138,,,395,0.215422,
396,0.0383643,,,396,0.223858,
397,0.0413173,,,397,0.240997,
398,0.0449657,,,398,0.260652,
399,0.0489831,,,399,0.28111,
400,0.052547,,,400,0.300743,
401,0.0552261,,,401,0.314438,
402,0.0566197,,,402,0.319235,
403,0.0555031,,,403,0.309625,
404,0.0528418,,,404,0.291672,
405,0.0492098,,,405,0.268843,
406,0.046104,,,406,0.247781,
407,0.0447034,,,407,0.236428,
408,0.0460213,,,408,0.241348,
409,0.0486702,,,409,0.250442,
410,0.0523031,,,410,0.26329,
411,0.0566028,,,411,0.279227,
412,0.0612037,,,412,0.296184,
413,0.0664522,,,413,0.316117,
414,0.0729434,,,414,0.342599,
415,0.0809273,,,415,0.374825,
416,0.0907596,,,416,0.41412,
417,0.103114,,,417,0.463595,
418,0.117367,,,418,0.519086,
419,0.13415,,,419,0.583265,
420,0.155722,,,420,0.666116,
421,0.182048,,,421,0.765936,
422,0.213075,,,422,0.882491,
423,0.247376,,,423,1.01179,
424,0.289343,,,424,1.16942,
425,0.340915,,,425,1.36227,
426,0.401058,,,426,1.58565,
427,0.47172,,,427,1.84686,
428,0.553676,,,428,2.14899,
429,0.64391,,,429,2.4819,
430,0.749504,,,430,2.875,
431,0.875811,,,431,3.35008,
432,1.02278,,,432,3.88887,
433,1.19435,,,433,4.4962,
434,1.3939,,,434,5.17581,
435,1.63234,,,435,5.95845,
436,1.89931,,,436,6.81726,
437,2.18551,,,437,7.72797,
438,2.53132,,,438,8.80239,
439,2.93147,,,439,10.0266,
440,3.37712,,,440,11.3735,
441,3.86842,,,441,12.8908,
442,4.39925,,,442,14.605,
443,4.96532,,,443,16.5507,
444,5.50979,,,444,18.6557,
445,6.04137,,,445,21.0334,
446,6.58198,,,446,23.9108,
447,7.0723,,,447,27.1825,
448,7.49627,,,448,30.8211,
449,7.83979,,,449,34.7942,
450,8.07498,,,450,39.0665,
451,8.18654,,,451,43.6343,
452,8.14764,,,452,48.5553,
453,7.98326,,,453,53.4625,
454,7.72292,,,454,58.0919,
455,7.41721,,,455,62.0561,
456,7.09856,,,456,64.9465,
457,6.77018,,,457,66.7519,
458,6.42037,,,458,67.4607,
459,6.07417,,,459,66.8729,
460,5.7434,,,460,65.0593,
461,5.44759,,,461,62.3652,
462,5.17685,,,462,59.1842,
463,4.93355,,,463,55.769,
464,4.73708,,,464,52.5451,
465,4.55946,,,465,49.6495,
466,4.39298,,,466,47.144,
467,4.23773,,,467,45.0354,
468,4.07671,,,468,43.3168,
469,3.90991,,,469,41.9495,
470,3.75387,,,470,40.8137,
471,3.61224,,,471,39.8256,
472,3.4884,,,472,38.9306,
473,3.38639,,,473,38.0596,
474,3.32032,,,474,37.0942,
475,3.2832,,,475,35.964,
476,3.23653,,,476,34.4723,
477,3.1706,,,477,33.0721,
478,3.08953,,,478,31.9087,
479,3.02065,,,479,31.1296,
480,2.98659,,,480,30.441,
481,2.98713,,,481,29.7702,
482,2.99461,,,482,29.0934,
483,3.00828,,,483,28.5862,
484,3.02706,,,484,28.2933,
485,3.05343,,,485,28.2201,
486,3.07916,,,486,28.2868,
487,3.10219,,,487,28.4555,
488,3.12254,,,488,28.6727,
489,3.14318,,,489,28.9152,
490,3.16523,,,490,29.1764,
491,3.19064,,,491,29.4691,
492,3.21438,,,492,29.7764,
493,3.23681,,,493,30.0806,
494,3.26492,,,494,30.3229,
495,3.29207,,,495,30.5676,
496,3.3169,,,496,30.8328,
497,3.33985,,,497,31.1374,
498,3.36285,,,498,31.4323,
499,3.38462,,,499,31.7111,
500,3.39612,,,500,31.9958,
501,3.41464,,,501,32.2877,
502,3.4374,,,502,32.5852,
503,3.45227,,,503,32.882,
504,3.4668,,,504,33.2043,
505,3.48083,,,505,33.523,
506,3.49172,,,506,33.764,
507,3.50795,,,507,33.9914,
508,3.52484,,,508,34.2175,
509,3.52975,,,509,34.4591,
510,3.53056,,,510,34.6749,
511,3.5298,,,511,34.8505,
512,3.53071,,,512,34.9555,
513,3.53912,,,513,35.0801,
514,3.5508,,,514,35.2325,
515,3.56041,,,515,35.4211,
516,3.56596,,,516,35.5759,
517,3.56665,,,517,35.7016,
518,3.56095,,,518,35.8064,
519,3.55867,,,519,35.8789,
520,3.55957,,,520,35.9643,
521,3.5628,,,521,36.1047,
522,3.56288,,,522,36.2156,
523,3.56043,,,523,36.3174,
524,3.55601,,,524,36.4227,
525,3.56752,,,525,36.526,
526,3.57683,,,526,36.6686,
527,3.5714,,,527,36.8813,
528,3.57884,,,528,37.079,
529,3.5854,,,529,37.2923,
530,3.5865,,,530,37.5213,
531,3.5888,,,531,37.6566,
532,3.59097,,,532,37.8212,
533,3.59301,,,533,38.0456,
534,3.5973,,,534,38.1805,
535,3.59853,,,535,38.3156,
536,3.59835,,,536,38.4754,
537,3.61029,,,537,38.6907,
538,3.61657,,,538,38.8846,
539,3.61529,,,539,39.0379,
540,3.61478,,,540,39.1545,
541,3.61334,,,541,39.2812,
542,3.60432,,,542,39.434,
543,3.57084,,,543,39.645,
544,3.53949,,,544,39.8148,
545,3.51814,,,545,39.9359,
546,3.5163,,,546,40.0035,
547,3.50862,,,547,40.0345,
548,3.49488,,,548,40.0663,
549,3.47622,,,549,40.1348,
550,3.46133,,,550,40.2044,
551,3.45375,,,551,40.2603,
552,3.45585,,,552,40.2908,
553,3.44702,,,553,40.3574,
554,3.43375,,,554,40.3642,
555,3.41783,,,555,40.282,
556,3.39512,,,556,40.2203,
557,3.37603,,,557,40.2301,
558,3.36257,,,558,40.2749,
559,3.34847,,,559,40.118,
560,3.34046,,,560,39.9924,
561,3.33478,,,561,39.9145,
562,3.3217,,,562,39.8485,
563,3.30332,,,563,39.7395,
564,3.28632,,,564,39.6132,
565,3.28217,,,565,39.5305,
566,3.2703,,,566,39.3824,
567,3.25512,,,567,39.2289,
568,3.24191,,,568,39.1304,
569,3.23867,,,569,38.9942,
570,3.23248,,,570,38.8352,
571,3.21784,,,571,38.6597,
572,3.212,,,572,38.4414,
573,3.20985,,,573,38.2609,
574,3.20922,,,574,38.1312,
575,3.20721,,,575,38.0032,
576,3.20568,,,576,37.8674,
577,3.20381,,,577,37.7317,
578,3.19882,,,578,37.6203,
579,3.19652,,,579,37.5257,
580,3.19496,,,580,37.4242,
581,3.19116,,,581,37.2833,
582,3.19323,,,582,37.1929,
583,3.19482,,,583,37.1117,
584,3.1917,,,584,37.0106,
585,3.19495,,,585,36.9037,
586,3.19872,,,586,36.8344,
587,3.20188,,,587,36.816,
588,3.21309,,,588,36.7925,
589,3.21397,,,589,36.757,
590,3.21014,,,590,36.7327,
591,3.2211,,,591,36.7814,
592,3.22718,,,592,36.816,
593,3.22997,,,593,36.8507,
594,3.23246,,,594,36.9114,
595,3.23957,,,595,36.9478,
596,3.24332,,,596,36.9919,
597,3.24159,,,597,37.0622,
598,3.25624,,,598,37.1662,
599,3.26762,,,599,37.2779,
600,3.27237,,,600,37.3906,
601,3.28073,,,601,37.5118,
602,3.27881,,,602,37.6449,
603,3.27597,,,603,37.7717,
604,3.29121,,,604,37.8595,
605,3.28913,,,605,37.9866,
606,3.28076,,,606,38.1394,
607,3.27389,,,607,38.3098,
608,3.27014,,,608,38.4835,
609,3.27346,,,609,38.6798,
610,3.27957,,,610,38.8881,
611,3.26584,,,611,39.033,
612,3.24991,,,612,39.2612,
613,3.23822,,,613,39.5211,
614,3.23648,,,614,39.6861,
615,3.22886,,,615,39.8588,
616,3.22076,,,616,40.0294,
617,3.21567,,,617,40.1933,
618,3.20678,,,618,40.3711,
619,3.19169,,,619,40.5388,
620,3.17222,,,620,40.6989,
621,3.15658,,,621,40.8858,
622,3.13716,,,622,41.0442,
623,3.11765,,,623,41.1768,
624,3.10186,,,624,41.2916,
625,3.08173,,,625,41.4178,
626,3.06416,,,626,41.5288,
627,3.05056,,,627,41.6078,
628,3.02561,,,628,41.65,
629,3.00166,,,629,41.6691,
630,2.97923,,,630,41.6684,
631,2.95582,,,631,41.6478,
632,2.93025,,,632,41.7143,
633,2.90221,,,633,41.7548,
634,2.87218,,,634,41.7172,
635,2.84304,,,635,41.6929,
636,2.8183,,,636,41.6672,
637,2.79522,,,637,41.6287,
638,2.76184,,,638,41.5474,
639,2.73309,,,639,41.4636,
640,2.70159,,,640,41.3763,
641,2.66029,,,641,41.2814,
642,2.62718,,,642,41.1776,
643,2.59985,,,643,41.0784,
644,2.57315,,,644,40.9702,
645,2.53272,,,645,40.8022,
646,2.50095,,,646,40.5886,
647,2.46745,,,647,40.3661,
648,2.42159,,,648,40.1661,
649,2.37971,,,649,39.9182,
650,2.34521,,,650,39.664,
651,2.31416,,,651,39.4017,
652,2.27001,,,652,39.0848,
653,2.23266,,,653,38.7736,
654,2.19728,,,654,38.455,
655,2.16051,,,655,38.1219,
656,2.12118,,,656,37.7804,
657,2.0789,,,657,37.443,
658,2.0376,,,658,37.1034,
659,2.00382,,,659,36.7485,
660,1.96775,,,660,36.3563,
661,1.93317,,,661,35.9617,
662,1.89956,,,662,35.5678,
663,1.84937,,,663,35.0643,
664,1.81377,,,664,34.5929,
665,1.78465,,,665,34.1589,
666,1.75054,,,666,33.7502,
667,1.70599,,,667,33.3409,
668,1.66692,,,668,32.9048,
669,1.63512,,,669,32.4343,
670,1.59943,,,670,31.934,
671,1.56662,,,671,31.4558,
672,1.53386,,,672,30.9955,
673,1.49998,,,673,30.5498,
674,1.46817,,,674,30.1195,
675,1.43819,,,675,29.6621,
676,1.40735,,,676,29.191,
677,1.37268,,,677,28.7333,
678,1.33904,,,678,28.2575,
679,1.30306,,,679,27.7618,
680,1.2671,,,680,27.2673,
681,1.23822,,,681,26.8198,
682,1.21212,,,682,26.3506,
683,1.18582,,,683,25.8448,
684,1.15766,,,684,25.32,
685,1.12895,,,685,24.8858,
686,1.10197,,,686,24.4154,
687,1.0755,,,687,23.9209,
688,1.04838,,,688,23.4295,
689,1.02266,,,689,23.0012,
690,0.995257,,,690,22.5476,
691,0.968862,,,691,22.0906,
692,0.947001,,,692,21.6757,
693,0.923493,,,693,21.2605,
694,0.90029,,,694,20.816,
695,0.876876,,,695,20.3474,
696,0.85107,,,696,19.8932,
697,0.826748,,,697,19.4034,
698,0.802968,,,698,18.9578,
699,0.780094,,,699,18.5564,
700,0.760739,,,700,18.0973,
701,0.739531,,,701,17.6831,
702,0.717507,,,702,17.2713,
703,0.696386,,,703,16.8451,
704,0.680105,,,704,16.4435,
705,0.661785,,,705,16.0748,
706,0.643028,,,706,15.7011,
707,0.625118,,,707,15.3063,
708,0.608882,,,708,14.9196,
709,0.591858,,,709,14.5421,
710,0.574499,,,710,14.1684,
711,0.557644,,,711,13.8022,
712,0.542537,,,712,13.4754,
713,0.525066,,,713,13.1266,
714,0.507319,,,714,12.7692,
715,0.491546,,,715,12.4255,
716,0.478703,,,716,12.1216,
717,0.464887,,,717,11.8023,
718,0.450998,,,718,11.4781,
719,0.438056,,,719,11.1663,
720,0.42612,,,720,10.8867,
721,0.414957,,,721,10.5879,
722,0.402815,,,722,10.2795,
723,0.388996,,,723,9.97961,
724,0.375948,,,724,9.71034,
725,0.363756,,,725,9.46776,
726,0.352743,,,726,9.21854,
727,0.342818,,,727,8.94801,
728,0.332665,,,728,8.67942,
729,0.322341,,,729,8.43808,
730,0.312421,,,730,8.20059,
731,0.303137,,,731,7.96617,
732,0.29435,,,732,7.7567,
733,0.285639,,,733,7.54688,
734,0.276979,,,734,7.32913,
735,0.268365,,,735,7.10936,
736,0.259828,,,736,6.90673,
737,0.25164,,,737,6.70441,
738,0.243638,,,738,6.51223,
739,0.235682,,,739,6.3322,
740,0.227901,,,740,6.16101,
741,0.22234,,,741,5.98027,
742,0.216326,,,742,5.80002,
743,0.20997,,,743,5.62068,
744,0.203685,,,744,5.44481,
745,0.19761,,,745,5.2832,
746,0.192047,,,746,5.1294,
747,0.186821,,,747,4.98484,
748,0.18174,,,748,4.84479,
749,0.176608,,,749,4.69862,
750,0.171499,,,750,4.55629,
751,0.165948,,,751,4.41992,
752,0.160513,,,752,4.28799,
753,0.155958,,,753,4.15785,
754,0.151513,,,754,4.02997,
755,0.147521,,,755,3.91199,
756,0.1436,,,756,3.79958,
757,0.139568,,,757,3.68882,
758,0.136031,,,758,3.58127,
759,0.131416,,,759,3.47177,
760,0.127483,,,760,3.36518,
761,0.124258,,,761,3.26333,
762,0.120884,,,762,3.16653,
763,0.116887,,,763,3.07829,
764,0.113036,,,764,2.98415,
765,0.109958,,,765,2.88475,
766,0.107336,,,766,2.78932,
767,0.103314,,,767,2.71413,
768,0.100148,,,768,2.63277,
769,0.0977857,,,769,2.55351,
770,0.09551,,,770,2.47316,
771,0.0925733,,,771,2.38929,
772,0.0899048,,,772,2.32257,
773,0.0881543,,,773,2.25615,
774,0.0855955,,,774,2.18564,
775,0.0824797,,,775,2.11387,
776,0.0804818,,,776,2.04927,
777,0.0784072,,,777,1.99878,
778,0.0765824,,,778,1.94084,
779,0.0745905,,,779,1.88264,
780,0.0724382,,,780,1.82892,
781,0.0706625,,,781,1.77592,
782,0.0687146,,,782,1.71963,
783,0.0659933,,,783,1.66964,
784,0.0635943,,,784,1.6183,
785,0.0622848,,,785,1.56342,
786,0.0613727,,,786,1.51849,
787,0.0598885,,,787,1.46705,
788,0.0575875,,,788,1.42625,
789,0.055714,,,789,1.38453,
790,0.0548296,,,790,1.33699,
791,0.0536286,,,791,1.30121,
792,0.052221,,,792,1.26102,
793,0.0500086,,,793,1.22762,
794,0.0485781,,,794,1.19468,
795,0.0485884,,,795,1.158,
796,0.048034,,,796,1.12403,
797,0.045199,,,797,1.08637,
798,0.0439834,,,798,1.05526,
799,0.0434914,,,799,1.02771,
800,0.0419738,,,800,0.99758,
801,0.0388596,,,801,0.96044,
802,0.0395138,,,802,0.931091,
803,0.0385744,,,803,0.903403,
804,0.0367397,,,804,0.876882,
805,0.0357462,,,805,0.852149,
806,0.0361126,,,806,0.828884,
807,0.033835,,,807,0.79934,
808,0.0338132,,,808,0.773009,
809,0.0334158,,,809,0.750195,
810,0.0326692,,,810,0.729392,
811,0.0322882,,,811,0.709647,
812,0.0305323,,,812,0.692414,
813,0.0308146,,,813,0.674745,
814,0.0296096,,,814,0.65232,
815,0.0284667,,,815,0.631664,
816,0.0282597,,,816,0.61624,
817,0.0279097,,,817,0.603157,
818,0.0275683,,,818,0.578625,
819,0.0273041,,,819,0.56925,
820,0.0264333,,,820,0.551356,
821,0.0259551,,,821,0.529769,
822,0.0262168,,,822,0.517854,
823,0.0250552,,,823,0.509886,
824,0.02395,,,824,0.495856,
825,0.0232759,,,825,0.482898,
826,0.0227263,,,826,0.469586,
827,0.0220658,,,827,0.454808,
828,0.02148,,,828,0.440381,
829,0.0216268,,,829,0.431251,
830,0.0218127,,,830,0.422272,
831,0.0213683,,,831,0.407575,
832,0.0206652,,,832,0.398734,
833,0.0199926,,,833,0.393171,
834,0.0194233,,,834,0.377748,
835,0.0196611,,,835,0.369125,
836,0.0190191,,,836,0.360161,
837,0.019013,,,837,0.350953,
838,0.0187617,,,838,0.341188,
839,0.0182896,,,839,0.333572,
840,0.0183905,,,840,0.32957,
841,0.017691,,,841,0.31988,
842,0.0189792,,,842,0.317558,
843,0.0169002,,,843,0.301217,
844,0.0158046,,,844,0.297243,
845,0.0166341,,,845,0.293178,
846,0.017293,,,846,0.276345,
847,0.0154847,,,847,0.273642,
848,0.0156715,,,848,0.277634,
849,0.0157799,,,849,0.267331,
850,0.0169085,,,850,0.260958,
851,0.0166393,,,851,0.257616,
852,0.0149143,,,852,0.254145,
853,0.0143666,,,853,0.250916,
854,0.0146937,,,854,0.247857,
855,0.0137967,,,855,0.23648,
856,0.0146957,,,856,0.230274,
857,0.0162747,,,857,0.231201,
858,0.01647,,,858,0.229429,
859,0.0151807,,,859,0.221043,
860,0.014318,,,860,0.213737,
861,0.0155621,,,861,0.213889,
862,0.0120712,,,862,0.205282,
863,0.0126734,,,863,0.204734,
864,0.0122078,,,864,0.199712,
865,0.0122663,,,865,0.190874,
866,0.012903,,,866,0.189421,
867,0.0120195,,,867,0.196873,
868,0.0133523,,,868,0.180176,
869,0.0121432,,,869,0.181488,
870,0.0131358,,,870,0.184407,
871,0.014916,,,871,0.170008,
872,0.0130921,,,872,0.169954,
873,0.0113197,,,873,0.174563,
874,0.0127802,,,874,0.167896,
875,0.0126667,,,875,0.169287,
876,0.0114487,,,876,0.160923,
877,0.0115647,,,877,0.162966,
878,0.0116837,,,878,0.154633,
879,0.0118992,,,879,0.16252,
880,0.0110671,,,880,0.163449,
881,0.0109517,,,881,0.153616,
882,0.0123541,,,882,0.147892,
883,0.0121572,,,883,0.150631,
884,0.0109587,,,884,0.152566,
885,0.0126182,,,885,0.155321,
886,0.0130394,,,886,0.147646,
887,0.0121099,,,887,0.138503,
888,0.0105592,,,888,0.137153,
889,0.0109785,,,889,0.140563,
890,0.0117231,,,890,0.144088,
891,0.0105278,,,891,0.143328,
892,0.0108319,,,892,0.134496,
893,0.0109472,,,893,0.13677,
894,0.0110398,,,894,0.138449,
895,0.0109856,,,895,0.126653,
896,0.0125616,,,896,0.124759,
897,0.013214,,,897,0.125283,
898,0.012109,,,898,0.125474,
899,0.0100417,,,899,0.125086,
900,0.0104738,,,900,0.131026,
901,0.012838,,,901,0.140031,
902,0.00942414,,,902,0.126254,
903,0.011423,,,903,0.11417,
904,0.0116012,,,904,0.11455,
905,0.00994595,,,905,0.129662,
906,0.00972385,,,906,0.119881,
907,0.0100198,,,907,0.128809,
908,0.00870861,,,908,0.127049,
909,0.00908003,,,909,0.120052,
910,0.00919308,,,910,0.123024,
911,0.00954544,,,911,0.117588,
912,0.0123036,,,912,0.11209,
913,0.0104036,,,913,0.124872,
914,0.0106728,,,914,0.112221,
915,0.0107785,,,915,0.129269,
916,0.00670018,,,916,0.116148,
917,0.0086109,,,917,0.0998835,
918,0.0110818,,,918,0.115147,
919,0.00948533,,,919,0.120805,
920,0.0106538,,,920,0.109181,
921,0.0116201,,,921,0.102669,
922,0.01318,,,922,0.116557,
923,0.0136923,,,923,0.119642,
924,0.0111297,,,924,0.10793,
925,0.0106036,,,925,0.116953,
926,0.0116519,,,926,0.135239,
927,0.00780179,,,927,0.133008,
928,0.0106404,,,928,0.117856,
929,0.0107932,,,929,0.12122,
930,0.0110125,,,930,0.123817,
931,0.00845602,,,931,0.126764,
932,0.014188,,,932,0.129521,
933,0.0119896,,,933,0.132461,
934,0.0117581,,,934,0.134985,
935,0.0148044,,,935,0.137284,
936,0.0162947,,,936,0.140906,
937,0.00842583,,,937,0.121452,
938,0.00836417,,,938,0.136716,
939,0.00942052,,,939,0.12809,
940,0.0118192,,,940,0.117361,
941,0.0113057,,,941,0.134468,
942,0.00938511,,,942,0.149439,
943,0.0119427,,,943,0.13563,
944,0.00978062,,,944,0.123036,
945,0.00941885,,,945,0.124184,
946,0.0127122,,,946,0.136598,
947,0.00987021,,,947,0.158452,
948,0.0118902,,,948,0.135076,
949,0.0129753,,,949,0.111587,
950,0.0103922,,,950,0.135477,
951,0.0106946,,,951,0.135047,
952,0.0119094,,,952,0.136902,
953,0.0152056,,,953,0.138832,
954,0.0140575,,,954,0.140865,
955,0.011184,,,955,0.144074,
956,0.0115469,,,956,0.137267,
957,0.0131755,,,957,0.125349,
958,0.0141842,,,958,0.145379,
959,0.00868424,,,959,0.120775,
960,0.0129525,,,960,0.125285,
961,0.0109517,,,961,0.127676,
962,0.0102255,,,962,0.129979,
963,0.0121049,,,963,0.130791,
964,0.00697957,,,964,0.149594,
965,0.00431893,,,965,0.157528,
966,0.00439353,,,966,0.158437,
967,0.00690392,,,967,0.163801,
968,0.0129301,,,968,0.144798,
969,0.0121064,,,969,0.150563,
970,0.0136697,,,970,0.154103,
971,0.0126341,,,971,0.158263,
972,0.00662522,,,972,0.162732,
973,0.00480729,,,973,0.167999,
974,0.0164894,,,974,0.17341,
975,0.00666029,,,975,0.181802,
976,0.0120078,,,976,0.142893,
977,0.0130237,,,977,0.146411,
978,0.0135334,,,978,0.161119,
979,0.013397,,,979,0.155959,
980,0.0133022,,,980,0.147465,
981,0.0133165,,,981,0.13959,
982,0.0136099,,,982,0.132755,
983,0.0132677,,,983,0.11905,
984,0.0118086,,,984,0.112707,
985,0.0112964,,,985,0.111575,
986,0.00782133,,,986,0.104081,
987,0.0109943,,,987,0.0971204,
988,0.00417695,,,988,0.0669226,
989,0.00537415,,,989,0.0578681,
990,0.00305945,,,990,0.0650463,
991,0.000737812,,,991,0.0236145,
992,1.10E-05,,,992,0.0164398,
993,0.00109614,,,993,0.0167851,
994,1.00E-14,,,994,0.0220605,
995,0.000967051,,,995,0.00467748,
996,0.00104625,,,996,0.00507506,
997,0.00106719,,,997,0.00538035,
998,0.00113549,,,998,0.00533811,
999,0.00134875,,,999,0.0046584,
1000,0.00169033,,,1000,0.00327202,
1001,0.00205872,,,1001,0.00165859,
1002,0.00235039,,,1002,0.000333692,
1003,0.00249839,,,1003,1.00E-14,
1004,0.0025756,,,1004,1.00E-14,
1005,0.00255436,,,1005,1.00E-14,
1006,0.00239243,,,1006,1.00E-14,
1007,0.00200736,,,1007,0.00148788,
1008,0.00136255,,,1008,0.00477868,
1009,0.000657982,,,1009,0.00830424,
1010,0.000104841,,,1010,0.0108022,
1011,1.00E-14,,,1011,0.0112383,
1012,1.00E-14,,,1012,0.0100774,
1013,1.00E-14,,,1013,0.00828008,
1014,1.00E-14,,,1014,0.00679797,
1015,0,,,1015,0.0062509,
1016,0,,,1016,0.006112,
1017,0,,,1017,0.00621554,
1018,0,,,1018,0.00644063,
1019,0,,,1019,0.00679358,
1020,0,,,1020,0.00737406,
1021,0,,,1021,0.00799237,
1022,0,,,1022,0.0084503,
1023,0,,,1023,0.00861589,
1024,0,,,1024,0.00859032,
1025,0,,,1025,0.008479,
1026,0,,,1026,0.00838518,
1027,0,,,1027,0.00836077,
1028,0,,,1028,0.00834493,
1029,0,,,1029,0.0083307,
1030,0,,,1030,0.00831363,
1031,1.00E-14,,,1031,0.0082518,
1032,1.00E-14,,,1032,0.00814688,
1033,1.00E-14,,,1033,0.00809476,
1034,1.00E-14,,,1034,0.00819196,
1035,0.000290946,,,1035,0.00859467,
1036,0.000743929,,,1036,0.00924674,
1037,0.00132346,,,1037,0.00984777,
1038,0.0020192,,,1038,0.010096,
1039,0.00310303,,,1039,0.00993304,
1040,0.0044867,,,1040,0.00951015,
1041,0.00561967,,,1041,0.00883999,
1042,0.0059514,,,1042,0.0079352,
1043,0.005019,,,1043,0.00656894,
1044,0.00322146,,,1044,0.0048112,
1045,0.00130104,,,1045,0.00311991,
1046,0,,,1046,0.001953,
1047,1.00E-14,,,1047,0.00153332,
1048,1.00E-14,,,1048,0.00158289,
1049,1.00E-14,,,1049,0.00180844,
1050,0,,,1050,0.00191575,
1051,0,,,1051,0.00164994,
1052,0,,,1052,0.00128034,
1053,0,,,1053,0.00125173,
1054,0,,,1054,0.00201017,
1055,0,,,1055,0.00392312,
1056,0,,,1056,0.00657707,
1057,0,,,1057,0.00930848,
1058,0,,,1058,0.0114763,
1059,0,,,1059,0.0132757,
1060,0,,,1060,0.0148383,
1061,0,,,1061,0.0159884,
1062,1.00E-14,,,1062,0.0164895,
1063,1.00E-14,,,1063,0.015627,
1064,1.00E-14,,,1064,0.0142501,
1065,1.00E-14,,,1065,0.0136584,
1066,8.83E-05,,,1066,0.0150777,
1067,0.000592623,,,1067,0.0182374,
1068,0.00121417,,,1068,0.0226911,
1069,0.00168469,,,1069,0.0282721,
1070,0.00171895,,,1070,0.0348232,
1071,0.00114353,,,1071,0.0423468,
1072,0.000375845,,,1072,0.0509257,
1073,1.00E-14,,,1073,0.0606356,
1074,0.000238832,,,1074,0.0716651,
1075,0.00129121,,,1075,0.0846896,
1076,0.00277026,,,1076,0.0987672,
1077,0.00439618,,,1077,0.112622,
1078,0.00600817,,,1078,0.125409,
1079,0.00797031,,,1079,0.138419,
1080,0.00994348,,,1080,0.150737,
1081,0.0114618,,,1081,0.161015,
1082,0.0120857,,,1082,0.168202,
1083,0.0118382,,,1083,0.173099,
1084,0.0111286,,,1084,0.175601,
1085,0.010377,,,1085,0.175345,
1086,0.00990562,,,1086,0.171745,
1087,0.00951996,,,1087,0.164364,
1088,0.0091104,,,1088,0.154678,
1089,0.00859746,,,1089,0.144313,
1090,0.00793361,,,1090,0.133967,
1091,0.00716767,,,1091,0.122367,
1092,0.00629891,,,1092,0.110543,
1093,0.00532182,,,1093,0.0996865,
1094,0.00414389,,,1094,0.0905483,
1095,0.00267307,,,1095,0.0824468,
1096,0.00122672,,,1096,0.0752826,
1097,0.000143367,,,1097,0.0690195,
1098,1.00E-14,,,1098,0.063895,
1099,1.00E-14,,,1099,0.0600399,
1100,1.00E-14,,,1100,0.0567028,
1101,1.00E-14,,,1101,0.0531102,
1102,0.000332193,,,1102,0.0488855,
1103,0.000889302,,,1103,0.0444537,
1104,0.00140626,,,1104,0.0400758,
1105,0.0016368,,,1105,0.0360096,
1106,0.00142236,,,1106,0.0321936,
1107,0.000923322,,,1107,0.0285356,
1108,0.000371821,,,1108,0.0252472,
1109,0,,,1109,0.02254,
1110,1.00E-14,,,1110,0.020644,
1111,1.00E-14,,,1111,0.0193887,
1112,1.00E-14,,,1112,0.0183844,
1113,0,,,1113,0.0172445,
1114,0,,,1114,0.0159679,
1115,0,,,1115,0.0147101,
1116,0,,,1116,0.0134644,
1117,0,,,1117,0.0122262,
1118,0,,,1118,0.0110416,
1119,0,,,1119,0.00987356,
1120,0,,,1120,0.00864374,
1121,0,,,1121,0.0072539,
1122,0,,,1122,0.00546422,
1123,0,,,1123,0.00358135,
1124,0,,,1124,0.00206369,
1125,0,,,1125,0.00135815,
1126,0,,,1126,0.00152395,
1127,0,,,1127,0.00215067,
1128,0,,,1128,0.00279987,
1129,1.00E-14,,,1129,0.00308453,
1130,1.00E-14,,,1130,0.0031843,
1131,1.00E-14,,,1131,0.00318709,
1132,1.00E-14,,,1132,0.00309142,
1133,0.000108263,,,1133,0.00284282,
1134,0.000399456,,,1134,0.00226342,
1135,0.00078833,,,1135,0.00166046,
1136,0.00127264,,,1136,0.00140992,
1137,0.00193909,,,1137,0.00189018,
1138,0.00296171,,,1138,0.00310283,
1139,0.0039457,,,1139,0.00454803,
1140,0.00444489,,,1140,0.00570083,
1141,0.00402466,,,1141,0.00609741,
1142,0.00277482,,,1142,0.00589359,
1143,0.00127898,,,1143,0.00560559,
1144,0.000134292,,,1144,0.00575406,
1145,1.00E-14,,,1145,0.00660228,
1146,1.00E-14,,,1146,0.00785295,
1147,1.00E-14,,,1147,0.00948264,
1148,1.00E-14,,,1148,0.0114804,
1149,1.00E-14,,,1149,0.0138742,
1150,1.00E-14,,,1150,0.0166689,
1151,1.00E-14,,,1151,0.019787,
1152,0,,,1152,0.0231504,
1153,0.00060244,,,1153,0.0266797,
1154,0.0014807,,,1154,0.0304372,
1155,0.00234343,,,1155,0.0345578,
1156,0.00290028,,,1156,0.0391764,
1157,0.00306802,,,1157,0.0443807,
1158,0.00301616,,,1158,0.0500606,
1159,0.00289093,,,1159,0.0560579,
1160,0.00283283,,,1160,0.0622253,
1161,0.00278036,,,1161,0.0687368,
1162,0.00272053,,,1162,0.0755131,
1163,0.00272438,,,1163,0.0822899,
1164,0.00285857,,,1164,0.088843,
1165,0.00310489,,,1165,0.0954905,
1166,0.00344329,,,1166,0.102033,
1167,0.00387139,,,1167,0.10804,
1168,0.00440004,,,1168,0.113166,
1169,0.00510469,,,1169,0.117785,
1170,0.00588442,,,1170,0.121702,
1171,0.00660036,,,1171,0.12453,
1172,0.00714858,,,1172,0.125886,
1173,0.00762696,,,1173,0.125715,
1174,0.00800033,,,1174,0.124479,
1175,0.00820155,,,1175,0.122679,
1176,0.00816804,,,1176,0.120617,
1177,0.0079093,,,1177,0.117903,
1178,0.00749224,,,1178,0.11477,
1179,0.00698536,,,1179,0.111528,
1180,0.00635882,,,1180,0.108333,
1181,0.00549692,,,1181,0.104961,
1182,0.00465635,,,1182,0.101545,
1183,0.00411502,,,1183,0.0982433,
1184,0.004062,,,1184,0.095063,
1185,0.00436059,,,1185,0.0918874,
1186,0.00485746,,,1186,0.0889344,
1187,0.005402,,,1187,0.086432,
1188,0.00612663,,,1188,0.0843037,
1189,0.00703843,,,1189,0.0824825,
1190,0.00779874,,,1190,0.0812107,
1191,0.00806858,,,1191,0.0807302,
1192,0.00762118,,,1192,0.0811596,
1193,0.0067374,,,1193,0.0823261,
1194,0.00582561,,,1194,0.0840176,
1195,0.00528963,,,1195,0.0860382,
1196,0.00522598,,,1196,0.088659,
1197,0.00536543,,,1197,0.0917408,
1198,0.00543885,,,1198,0.0948635,
1199,0.00517593,,,1199,0.0976676,
1200,0.00445952,,,1200,0.100628,
1201,0.00356937,,,1201,0.10346,
1202,0.002841,,,1202,0.105537,
1203,0.00258529,,,1203,0.106303,
1204,0.00275256,,,1204,0.106002,
1205,0.00316958,,,1205,0.104726,
1206,0.0036895,,,1206,0.102437,
1207,0.00430609,,,1207,0.0989939,
1208,0.00529297,,,1208,0.0942098,
1209,0.00620615,,,1209,0.0886086,
1210,0.00652932,,,1210,0.082776,
1211,0.00573646,,,1211,0.0770097,
1212,0.00390718,,,1212,0.070904,
1213,0.00179951,,,1213,0.0646708,
1214,0.000192736,,,1214,0.0585703,
1215,1.00E-14,,,1215,0.0525886,
1216,1.00E-14,,,1216,0.0465151,
1217,1.00E-14,,,1217,0.0407648,
1218,1.00E-14,,,1218,0.0357713,
1219,1.00E-14,,,1219,0.0318188,
1220,1.00E-14,,,1220,0.0286712,
1221,1.00E-14,,,1221,0.0260097,
1222,1.75E-05,,,1222,0.0235196,
1223,0.000330389,,,1223,0.0212986,
1224,0.000762435,,,1224,0.0193961,
1225,0.00112551,,,1225,0.0176067,
1226,0.001232,,,1226,0.015725,
1227,0.00100063,,,1227,0.0136424,
1228,0.000587401,,,1228,0.0115464,
1229,0.000180431,,,1229,0.00967677,
1230,1.00E-14,,,1230,0.00826525,
1231,1.00E-14,,,1231,0.00732186,
1232,1.00E-14,,,1232,0.00670497,
1233,1.00E-14,,,1233,0.00628643,
1234,0,,,1234,0.00598698,
1235,0,,,1235,0.00594978,
1236,0,,,1236,0.00603934,
1237,0,,,1237,0.00606886,
1238,0,,,1238,0.00587668,
1239,0,,,1239,0.00551452,
1240,0,,,1240,0.00511477,
1241,0,,,1241,0.00480709,
1242,0,,,1242,0.00465759,
1243,0,,,1243,0.00459361,
1244,0,,,1244,0.00460981,
1245,0,,,1245,0.00470398,
1246,0,,,1246,0.00492644,
1247,0,,,1247,0.00527558,
1248,0,,,1248,0.00562387,
1249,1.00E-14,,,1249,0.00584376,
1250,1.00E-14,,,1250,0.00593185,
1251,1.00E-14,,,1251,0.00593966,
1252,1.00E-14,,,1252,0.00586831,
1253,3.57E-05,,,1253,0.00571155,
1254,0.00034917,,,1254,0.00529925,
1255,0.000753112,,,1255,0.00478592,
1256,0.00106387,,,1256,0.00447699,
1257,0.00110256,,,1257,0.00463829,
1258,0.000845962,,,1258,0.00512584,
1259,0.000456217,,,1259,0.00591685,
1260,0.000106148,,,1260,0.00706236,
1261,1.00E-14,,,1261,0.00862741,
1262,1.00E-14,,,1262,0.0106675,
1263,1.00E-14,,,1263,0.0130443,
1264,1.00E-14,,,1264,0.0155966,
1265,0.000126893,,,1265,0.018224,
1266,0.000390665,,,1266,0.0210146,
1267,0.000702926,,,1267,0.0239668,
1268,0.00100972,,,1268,0.0270701,
1269,0.00130278,,,1269,0.0303728,
1270,0.00162005,,,1270,0.0339031,
1271,0.0019062,,,1271,0.0375027,
1272,0.002103,,,1272,0.0410085,
1273,0.00222432,,,1273,0.044628,
1274,0.00228895,,,1274,0.0483472,
1275,0.00224609,,,1275,0.0516705,
1276,0.00204385,,,1276,0.0541056,
1277,0.00156107,,,1277,0.0556257,
1278,0.000899132,,,1278,0.0564313,
1279,0.000283211,,,1279,0.0565416,
1280,1.00E-14,,,1280,0.055951,
1281,1.00E-14,,,1281,0.0544052,
1282,1.00E-14,,,1282,0.0521877,
1283,1.00E-14,,,1283,0.0497547,
1284,0,,,1284,0.0474839,
1285,0,,,1285,0.0451816,
1286,0,,,1286,0.042769,
1287,0,,,1287,0.040226,
1288,1.00E-14,,,1288,0.0374837,
1289,1.00E-14,,,1289,0.0344495,
1290,1.00E-14,,,1290,0.0313721,
1291,1.00E-14,,,1291,0.0285299,
1292,0.000324663,,,1292,0.0260816,
1293,0.000933847,,,1293,0.0238798,
1294,0.00156485,,,1294,0.0218668,
1295,0.001999,,,1295,0.01999,
1296,0.00219421,,,1296,0.0182201,
1297,0.00225435,,,1297,0.0165861,
1298,0.00217968,,,1298,0.0151231,
1299,0.00196907,,,1299,0.0138662,
1300,0.0015056,,,1300,0.0128154,
1301,0.000867531,,,1301,0.0119607,
1302,0.000273164,,,1302,0.0113085,
1303,1.00E-14,,,1303,0.0108817,
1304,1.00E-14,,,1304,0.0108551,
1305,1.00E-14,,,1305,0.0110231,
1306,1.00E-14,,,1306,0.0110624,
1307,0,,,1307,0.0106635,
1308,0,,,1308,0.0098264,
1309,0,,,1309,0.00886071,
1310,0,,,1310,0.00808979,
1311,0,,,1311,0.0077193,
1312,0,,,1312,0.0075737,
1313,0,,,1313,0.00763162,
1314,0,,,1314,0.00788838,
1315,0,,,1315,0.00850284,
1316,0,,,1316,0.00946976,
1317,0,,,1317,0.0103902,
1318,0,,,1318,0.0108625,
1319,0,,,1319,0.0105611,
1320,0,,,1320,0.00978192,
1321,0,,,1321,0.00905569,
1322,0,,,1322,0.00890533,
1323,0,,,1323,0.0094126,
1324,0,,,1324,0.0102735,
1325,0,,,1325,0.0112245,
1326,0,,,1326,0.0120462,
1327,0,,,1327,0.0129153,
1328,0,,,1328,0.0137657,
1329,0,,,1329,0.0144383,
1330,0,,,1330,0.0147662,
1331,0,,,1331,0.0147362,
1332,0,,,1332,0.0145942,
1333,0,,,1333,0.0146009,
1334,0,,,1334,0.0149386,
1335,0,,,1335,0.0154821,
1336,0,,,1336,0.0160741,
1337,0,,,1337,0.0165597,
1338,1.00E-14,,,1338,0.0169831,
1339,1.00E-14,,,1339,0.0173845,
1340,1.00E-14,,,1340,0.0176022,
1341,5.91E-05,,,1341,0.0174675,
1342,0.000537455,,,1342,0.0167323,
1343,0.00116498,,,1343,0.0156951,
1344,0.00172913,,,1344,0.0148401,
1345,0.00202658,,,1345,0.014611,
1346,0.00205175,,,1346,0.0149096,
1347,0.00196424,,,1347,0.0155316,
1348,0.00192549,,,1348,0.0163261,
1349,0.00207505,,,1349,0.017234,
1350,0.00236949,,,1350,0.0184315,
1351,0.00269817,,,1351,0.0196905,
1352,0.002953,,,1352,0.0207387,
1353,0.00309832,,,1353,0.0212961,
1354,0.00320108,,,1354,0.0214599,
1355,0.00320483,,,1355,0.0216667,
1356,0.0030489,,,1356,0.0223586,
1357,0.00264357,,,1357,0.0236562,
1358,0.00205039,,,1358,0.0253395,
1359,0.00143564,,,1359,0.027339,
1360,0.000961033,,,1360,0.0295917,
1361,0.000604493,,,1361,0.0322032,
1362,0.000314789,,,1362,0.0351058,
1363,9.58E-05,,,1363,0.0381232,
1364,1.00E-14,,,1364,0.0411048,
1365,1.00E-14,,,1365,0.0441495,
1366,1.00E-14,,,1366,0.047241,
1367,1.00E-14,,,1367,0.0503115,
1368,0.000134285,,,1368,0.0533382,
1369,0.000494399,,,1369,0.0564053,
1370,0.00086347,,,1370,0.0593873,
1371,0.00105524,,,1371,0.0621362,
1372,0.000908807,,,1372,0.0646957,
1373,0.000528194,,,1373,0.0671362,
1374,0.00014789,,,1374,0.0692112,
1375,1.57E-06,,,1375,0.0706733,
1376,0.000125002,,,1376,0.0714966,
1377,0.000406494,,,1377,0.0717912,
1378,0.00079206,,,1378,0.0715911,
1379,0.00124729,,,1379,0.0709299,
1380,0.0019552,,,1380,0.0698133,
1381,0.00273347,,,1381,0.0682161,
1382,0.0032722,,,1382,0.0661118,
1383,0.00326644,,,1383,0.0634447,
1384,0.00269011,,,1384,0.0601141,
1385,0.00188776,,,1385,0.0563286,
1386,0.00122723,,,1386,0.0523382,
1387,0.000988845,,,1387,0.0481832,
1388,0.00101796,,,1388,0.0436152,
1389,0.00111651,,,1389,0.0390665,
1390,0.0010941,,,1390,0.0350112,
1391,0.000855138,,,1391,0.0315142,
1392,0.000510022,,,1392,0.0283711,
1393,0.000177392,,,1393,0.0256525,
1394,1.00E-14,,,1394,0.02344,
1395,1.00E-14,,,1395,0.0220281,
1396,1.00E-14,,,1396,0.0211148,
1397,1.00E-14,,,1397,0.0201514,
1398,6.93E-05,,,1398,0.0186259,
1399,0.000325737,,,1399,0.0165971,
1400,0.000648648,,,1400,0.0143753,
1401,0.000972219,,,1401,0.0122386,
1402,0.00129694,,,1402,0.0103107,
1403,0.00169971,,,1403,0.00839121,
1404,0.00202592,,,1404,0.00666403,
1405,0.00210722,,,1405,0.00534049,
1406,0.00177022,,,1406,0.00452198,
1407,0.00111244,,,1407,0.00409542,
1408,0.00041879,,,1408,0.00399817,
1409,1.00E-14,,,1409,0.00417044,
1410,1.00E-14,,,1410,0.00474085,
1411,1.00E-14,,,1411,0.0056425,
1412,1.00E-14,,,1412,0.00662667,
1413,0.000217153,,,1413,0.00749647,
1414,0.00111541,,,1414,0.00847503,
1415,0.00216454,,,1415,0.00940898,
1416,0.00291848,,,1416,0.010027,
1417,0.00298076,,,1417,0.0100831,
1418,0.00245184,,,1418,0.00962815,
1419,0.00168971,,,1419,0.00889947,
1420,0.0010517,,,1420,0.00813688,
1421,0.000673885,,,1421,0.00732548,
1422,0.000374007,,,1422,0.00635344,
1423,0.000146284,,,1423,0.00548946,
1424,1.00E-14,,,1424,0.00500478,
1425,1.00E-14,,,1425,0.00500163,
1426,1.00E-14,,,1426,0.00530984,
1427,1.00E-14,,,1427,0.00575321,
1428,1.00E-14,,,1428,0.00617902,
1429,1.00E-14,,,1429,0.00667005,
1430,1.00E-14,,,1430,0.00722338,
1431,1.00E-14,,,1431,0.00779094,
1432,0.000117052,,,1432,0.00836121,
1433,0.000418681,,,1433,0.00900223,
1434,0.000750144,,,1434,0.00960435,
1435,0.000992205,,,1435,0.0100396,
1436,0.00110051,,,1436,0.0103051,
1437,0.00113656,,,1437,0.0104645,
1438,0.00110098,,,1438,0.0104068,
1439,0.000992912,,,1439,0.0100163,
1440,0.000750765,,,1440,0.00898413,
1441,0.000419045,,,1441,0.00757634,
1442,0.000117149,,,1442,0.00638741,
1443,1.00E-14,,,1443,0.00597612,
1444,1.00E-14,,,1444,0.00630394,
1445,1.00E-14,,,1445,0.00701255,
1446,1.00E-14,,,1446,0.00776815,
1447,0,,,1447,0.00834715,
1448,0,,,1448,0.00896057,
1449,0,,,1449,0.00953306,
1450,0,,,1450,0.00994605,
1451,0,,,1451,0.0100894,
1452,0,,,1452,0.0100321,
1453,0,,,1453,0.00994592,
1454,0,,,1454,0.0100026,
1455,0,,,1455,0.0102745,
1456,0,,,1456,0.0106243,
1457,0,,,1457,0.0108882,
1458,1.00E-14,,,1458,0.0109153,
1459,1.00E-14,,,1459,0.0107324,
1460,1.00E-14,,,1460,0.0104155,
1461,1.00E-14,,,1461,0.0100253,
1462,0.000308962,,,1462,0.00958698,
1463,0.00100294,,,1463,0.00905588,
1464,0.00167738,,,1464,0.00848194,
1465,0.0019804,,,1465,0.0079216,
1466,0.00167741,,,1466,0.00738624,
1467,0.001003,,,1467,0.00685088,
1468,0.000309022,,,1468,0.00631738,
1469,1.00E-14,,,1469,0.00577904,
1470,1.00E-14,,,1470,0.00514728,
1471,1.00E-14,,,1471,0.00452355,
1472,1.00E-14,,,1472,0.00406903,
1473,0,,,1473,0.00390867,
1474,0,,,1474,0.00394843,
1475,0,,,1475,0.00421672,
1476,0,,,1476,0.00477399,
1477,0,,,1477,0.00574181,
1478,0,,,1478,0.00711673,
1479,0,,,1479,0.00861351,
1480,0,,,1480,0.00994328,
1481,0,,,1481,0.0111478,
1482,0,,,1482,0.0122948,
1483,0,,,1483,0.0132725,
1484,0,,,1484,0.0139559,
1485,0,,,1485,0.0142437,
1486,0,,,1486,0.0143688,
1487,0,,,1487,0.0146171,
1488,0,,,1488,0.0152442,
1489,0,,,1489,0.0161674,
1490,0,,,1490,0.0170958,
1491,0,,,1491,0.0177354,
1492,0,,,1492,0.0180708,
1493,0,,,1493,0.0182111,
1494,0,,,1494,0.0180488,
1495,1.00E-14,,,1495,0.0174623,
1496,1.00E-14,,,1496,0.0162636,
1497,1.00E-14,,,1497,0.0147392,
1498,1.00E-14,,,1498,0.0132952,
1499,0.000445481,,,1499,0.0122442,
1500,0.00159213,,,1500,0.0114083,
1501,0.00286931,,,1501,0.0106956,
1502,0.00384473,,,1502,0.0100429,
1503,0.00429899,,,1503,0.00943579,
1504,0.00446685,,,1504,0.00891554,
1505,0.00434853,,,1505,0.00843014,
1506,0.00393092,,,1506,0.00792385,
1507,0.00297357,,,1507,0.00730263,
1508,0.00165997,,,1508,0.00665556,
1509,0.000463984,,,1509,0.00616281,
1510,1.00E-14,,,1510,0.00602307,
1511,1.00E-14,,,1511,0.00638442,
1512,1.00E-14,,,1512,0.00688389,
1513,1.00E-14,,,1513,0.00707961,
1514,0,,,1514,0.00666643,
1515,0,,,1515,0.00585102,
1516,0,,,1516,0.00487421,
1517,0,,,1517,0.00396951,
1518,0,,,1518,0.00299576,
1519,0,,,1519,0.00197813,
1520,0,,,1520,0.00121933,
1521,0,,,1521,0.00102056,
1522,0,,,1522,0.00145461,
1523,0,,,1523,0.00219856,
1524,0,,,1524,0.00289308,
1525,0,,,1525,0.00333772,
1526,0,,,1526,0.00374814,
1527,0,,,1527,0.00402847,
1528,0,,,1528,0.0040572,
1529,0,,,1529,0.00369938,
1530,0,,,1530,0.00306199,
1531,0,,,1531,0.0023864,
1532,0,,,1532,0.00190265,
1533,0,,,1533,0.00158759,
1534,0,,,1534,0.00134293,
1535,0,,,1535,0.00110755,
1536,0,,,1536,0.000824356,
1537,0,,,1537,0.000502672,
1538,0,,,1538,0.000206144,
1539,0,,,1539,0,
1540,0,,,1540,1.00E-14,
1541,0,,,1541,1.00E-14,
1542,0,,,1542,1.00E-14,
1543,0,,,1543,1.00E-14,
1544,0,,,1544,1.00E-14,
1545,0,,,1545,1.00E-14,
1546,0,,,1546,1.00E-14,
1547,1.00E-14,,,1547,0.000112901,
1548,1.00E-14,,,1548,0.000403859,
1549,1.00E-14,,,1549,0.000723544,
1550,1.00E-14,,,1550,0.000956854,
1551,0.000416194,,,1551,0.00105928,
1552,0.00109942,,,1552,0.00108796,
1553,0.00171499,,,1553,0.00104381,
1554,0.00196188,,,1554,0.00092131,
1555,0.00181553,,,1555,0.000661764,
1556,0.00146406,,,1556,0.000339128,
1557,0.00108405,,,1557,6.82E-05,
1558,0.000796036,,,1558,1.00E-14,
1559,0.000494924,,,1559,1.00E-14,
1560,0.000215365,,,1560,1.00E-14,
1561,1.37E-05,,,1561,1.00E-14,
1562,1.00E-14,,,1562,0,
1563,1.00E-14,,,1563,0,
1564,1.00E-14,,,1564,0,
1565,1.00E-14,,,1565,0,
1566,1.00E-14,,,1566,0,
1567,1.00E-14,,,1567,0,
1568,1.00E-14,,,1568,0,
1569,0.000125794,,,1569,0,
1570,0.000462661,,,1570,0,
1571,0.000800195,,,1571,0,
1572,0.0009557,,,1572,0,
1573,0.000811394,,,1573,1.00E-14,
1574,0.000485541,,,1574,1.00E-14,
1575,0.000149513,,,1575,1.00E-14,
1576,1.00E-14,,,1576,4.89E-05,
1577,1.00E-14,,,1577,0.000312312,
1578,1.00E-14,,,1578,0.000636824,
1579,1.00E-14,,,1579,0.000900488,
1580,0,,,1580,0.00101057,
1581,0,,,1581,0.00101621,
1582,0,,,1582,0.000977639,
1583,0,,,1583,0.0009524,
1584,0,,,1584,0.00097884,
1585,0,,,1585,0.00101713,
1586,0,,,1586,0.00100755,
1587,0,,,1587,0.000886981,
1588,0,,,1588,0.000620439,
1589,0,,,1589,0.000302943,
1590,0,,,1590,4.76E-05,
1591,0,,,1591,1.00E-14,
1592,0,,,1592,1.00E-14,
1593,0,,,1593,1.00E-14,
1594,0,,,1594,1.00E-14,
1595,0,,,1595,1.00E-14,
1596,0,,,1596,1.00E-14,
1597,0,,,1597,1.00E-14,
1598,0,,,1598,0.000151397,
1599,0,,,1599,0.000791305,
1600,0,,,1600,0.00150591,
1601,0,,,1601,0.00192175,
1602,0,,,1602,0.00172906,
1603,0,,,1603,0.00108915,
1604,0,,,1604,0.000374524,
1605,0,,,1605,1.00E-14,
1606,0,,,1606,1.00E-14,
1607,0,,,1607,1.00E-14,
1608,0,,,1608,1.00E-14,
1609,0,,,1609,0.000172593,
1610,0,,,1610,0.00068257,
1611,0,,,1611,0.00130724,
1612,0,,,1612,0.00192056,
1613,0,,,1613,0.00240212,
1614,0,,,1614,0.00282701,
1615,0,,,1615,0.00338941,
1616,0,,,1616,0.00429504,
1617,0,,,1617,0.00573087,
1618,0,,,1618,0.00735616,
1619,0,,,1619,0.00871672,
1620,0,,,1620,0.00950505,
1621,0,,,1621,0.00994008,
1622,0,,,1622,0.0101016,
1623,0,,,1623,0.01005,
1624,0,,,1624,0.00971008,
1625,0,,,1625,0.00909733,
1626,0,,,1626,0.00840861,
1627,0,,,1627,0.00782001,
1628,0,,,1628,0.0072713,
1629,0,,,1629,0.00672472,
1630,0,,,1630,0.00617715,
1631,0,,,1631,0.00560787,
1632,0,,,1632,0.00501361,
1633,0,,,1633,0.00445665,
1634,1.00E-14,,,1634,0.00400213,
1635,1.00E-14,,,1635,0.00371116,
1636,1.00E-14,,,1636,0.00349579,
1637,1.00E-14,,,1637,0.0032262,
1638,0.000123725,,,1638,0.00276955,
1639,0.000442692,,,1639,0.00212366,
1640,0.000788212,,,1640,0.00147704,
1641,0.0010283,,,1641,0.0010283,
1642,0.00107453,,,1642,0.000851821,
1643,0.00101511,,,1643,0.000846442,
1644,0.000983069,,,1644,0.000947491,
1645,0.00111435,,,1645,0.00112009,
1646,0.0014603,,,1646,0.00150864,
1647,0.0018466,,,1647,0.0019241,
1648,0.00207224,,,1648,0.00209817,
1649,0.00199076,,,1649,0.00178845,
1650,0.00169416,,,1650,0.00110575,
1651,0.00131675,,,1651,0.000382591,
1652,0.000986765,,,1652,1.00E-14,
1653,0.000659543,,,1653,1.00E-14,
1654,0.000331408,,,1654,1.00E-14,
1655,7.04E-05,,,1655,1.00E-14,
1656,1.00E-14,,,1656,1.00E-14,
1657,1.00E-14,,,1657,1.00E-14,
1658,1.00E-14,,,1658,1.00E-14,
1659,0,,,1659,0,
1660,0,,,1660,0.000276255,
1661,0,,,1661,0.000674986,
1662,0,,,1662,0.000992065,
1663,0,,,1663,0.00102772,
1664,0,,,1664,0.000751471,
1665,0,,,1665,0.000352751,
1666,0,,,1666,3.57E-05,
1667,0,,,1667,1.00E-14,
1668,0,,,1668,1.00E-14,
1669,0,,,1669,1.00E-14,
1670,0,,,1670,0,
1671,0,,,1671,0,
1672,0,,,1672,0,
1673,0,,,1673,0,
1674,0,,,1674,1.00E-14,
1675,0,,,1675,1.00E-14,
1676,0,,,1676,1.00E-14,
1677,0,,,1677,0,
1678,0,,,1678,0.000290953,
1679,0,,,1679,0.000707074,
1680,0,,,1680,0.00102453,
1681,0,,,1681,0.0010303,
1682,0,,,1682,0.000728117,
1683,0,,,1683,0.000320344,
1684,0,,,1684,1.66E-05,
1685,0,,,1685,1.00E-14,
1686,0,,,1686,1.00E-14,
1687,0,,,1687,1.00E-14,
1688,1.00E-14,,,1688,0,
1689,1.00E-14,,,1689,0,
1690,1.00E-14,,,1690,0,
1691,1.00E-14,,,1691,0,
1692,0.000184646,,,1692,0,
1693,0.000596354,,,1693,0,
1694,0.000975798,,,1694,0,
1695,0.00109466,,,1695,0,
1696,0.000859535,,,1696,0,
1697,0.00045189,,,1697,0,
1698,8.64E-05,,,1698,0,
1699,1.00E-14,,,1699,1.00E-14,
1700,1.00E-14,,,1700,1.00E-14,
1701,1.00E-14,,,1701,1.00E-14,
1702,0,,,1702,3.47E-05,
1703,0,,,1703,0.000668839,
1704,0,,,1704,0.0015204,
1705,0,,,1705,0.00215455,
1706,0,,,1706,0.00215455,
1707,0,,,1707,0.0015204,
1708,0,,,1708,0.000668839,
1709,0,,,1709,3.47E-05,
1710,0,,,1710,1.00E-14,
1711,0,,,1711,1.00E-14,
1712,0,,,1712,1.00E-14,
1713,0,,,1713,0,
1714,0,,,1714,0,
1715,0,,,1715,0,
1716,0,,,1716,0,
1717,0,,,1717,0,
1718,0,,,1718,0,
1719,0,,,1719,0,
1720,0,,,1720,0,
1721,0,,,1721,0,
1722,0,,,1722,0,
1723,0,,,1723,0,
1724,0,,,1724,0,
1725,0,,,1725,0,
1726,0,,,1726,0,
1727,0,,,1727,1.00E-14,
1728,0,,,1728,1.00E-14,
1729,0,,,1729,1.00E-14,
1730,0,,,1730,1.00E-14,
1731,0,,,1731,0.000193901,
1732,0,,,1732,0.00062845,
1733,0,,,1733,0.00103885,
1734,0,,,1734,0.00119236,
1735,0,,,1735,0.000953271,
1736,0,,,1736,0.000505183,
1737,0,,,1737,9.67E-05,
1738,0,,,1738,1.00E-14,
1739,0,,,1739,1.00E-14,
1740,0,,,1740,1.00E-14,
1741,0,,,1741,3.65E-05,
1742,0,,,1742,0.000641338,
1743,0,,,1743,0.00146471,
1744,0,,,1744,0.00219497,
1745,0,,,1745,0.00255257,
1746,0,,,1746,0.0025967,
1747,0,,,1747,0.00250353,
1748,0,,,1748,0.002437,
1749,0,,,1749,0.00250894,
1750,0,,,1750,0.00260853,
1751,0,,,1751,0.00256573,
1752,0,,,1752,0.00217538,
1753,0,,,1753,0.00131086,
1754,0,,,1754,0.0004165,
1755,0,,,1755,0,
1756,0,,,1756,0.000317778,
1757,0,,,1757,0.00108016,
1758,0,,,1758,0.00197572,
1759,0,,,1759,0.00274825,
1760,0,,,1760,0.00361209,
1761,0,,,1761,0.00442268,
1762,0,,,1762,0.00491389,
1763,0,,,1763,0.00482647,
1764,0,,,1764,0.00432361,
1765,0,,,1765,0.0038351,
1766,0,,,1766,0.00379001,
1767,0,,,1767,0.00429212,
1768,0,,,1768,0.0048737,
1769,0,,,1769,0.0050139,
1770,0,,,1770,0.0043183,
1771,0,,,1771,0.00307724,
1772,0,,,1772,0.0018118,
1773,0,,,1773,0.000981196,
1774,0,,,1774,0.000393456,
1775,0,,,1775,2.93E-05,
1776,0,,,1776,1.00E-14,
1777,0,,,1777,0.000450627,
1778,0,,,1778,0.0013464,
1779,0,,,1779,0.00222757,
1780,0,,,1780,0.00268794,
1781,0,,,1781,0.00281794,
1782,0,,,1782,0.00276069,
1783,0,,,1783,0.00260329,
1784,0,,,1784,0.00234998,
1785,0,,,1785,0.00196811,
1786,0,,,1786,0.00154524,
1787,0,,,1787,0.00115299,
1788,0,,,1788,0.000724696,
1789,0,,,1789,0.000315682,
1790,0,,,1790,1.98E-05,
1791,0,,,1791,1.00E-14,
1792,0,,,1792,1.00E-14,
1793,0,,,1793,1.00E-14,
1794,0,,,1794,0,
1795,0,,,1795,0,
1796,0,,,1796,0,
1797,0,,,1797,0,
1798,0,,,1798,1.00E-14,
1799,0,,,1799,1.00E-14,
1800,0,,,1800,1.00E-14,
1801,0,,,1801,0.000218723,
1802,0,,,1802,0.0010954,
1803,0,,,1803,0.00210039,
1804,0,,,1804,0.002805,
1805,0,,,1805,0.00309539,
1806,0,,,1806,0.00314832,
1807,0,,,1807,0.00297097,
1808,0,,,1808,0.00250836,
1809,0,,,1809,0.0015748,
1810,0,,,1810,0.000576028,
1811,0,,,1811,0,
1812,0,,,1812,0.000172544,
1813,0,,,1813,0.000768042,
1814,0,,,1814,0.00129729,
1815,0,,,1815,0.00131385,
1816,0,,,1816,0.000886232,
1817,0,,,1817,0.000337662,
1818,0,,,1818,1.00E-14,
1819,0,,,1819,1.00E-14,
1820,0,,,1820,1.00E-14,
1821,0,,,1821,1.00E-14,
1822,0,,,1822,0,
1823,0,,,1823,0,
1824,0,,,1824,0,
1825,0,,,1825,0,
1826,0,,,1826,0,
1827,0,,,1827,0,
1828,0,,,1828,0,
1829,0,,,1829,0,
1830,0,,,1830,0,
1831,0,,,1831,0,
1832,0,,,1832,0,
1833,0,,,1833,0,
1834,0,,,1834,0,
1835,0,,,1835,0,
1836,0,,,1836,0,
1837,0,,,1837,0,
1838,0,,,1838,0,
1839,0,,,1839,0,
1840,0,,,1840,0,
1841,0,,,1841,0,
1842,0,,,1842,0,
1843,0,,,1843,0,
1844,0,,,1844,0,
1845,0,,,1845,0,
1846,0,,,1846,0,
1847,0,,,1847,0,
1848,0,,,1848,0,
1849,0,,,1849,0,
1850,1.00E-14,,,1850,0,
1851,1.00E-14,,,1851,0,
1852,1.00E-14,,,1852,0,
1853,0.000158424,,,1853,0,
1854,0.000679787,,,1854,0,
1855,0.00120589,,,1855,0,
1856,0.00141542,,,1856,0,
1857,0.00113672,,,1857,0,
1858,0.000603119,,,1858,0,
1859,0.000115121,,,1859,0,
1860,1.00E-14,,,1860,0,
1861,1.00E-14,,,1861,0,
1862,1.00E-14,,,1862,0,
1863,0,,,1863,0,
1864,0,,,1864,0,
1865,0,,,1865,0,
1866,0,,,1866,0,
1867,0,,,1867,0,
1868,0,,,1868,0,
1869,0,,,1869,0,
1870,0,,,1870,0,
1871,0,,,1871,0,
1872,0,,,1872,0,
1873,0,,,1873,0,
1874,0,,,1874,0,
1875,0,,,1875,0,
1876,0,,,1876,0,
1877,0,,,1877,0,
1878,0,,,1878,0,
1879,0,,,1879,0,
1880,0,,,1880,1.00E-14,
1881,0,,,1881,1.00E-14,
1882,0,,,1882,1.00E-14,
1883,0,,,1883,1.00E-14,
1884,0,,,1884,0.00066408,
1885,0,,,1885,0.00175628,
1886,0,,,1886,0.00238924,
1887,0,,,1887,0.00225976,
1888,0,,,1888,0.00169218,
1889,0,,,1889,0.000908094,
1890,0,,,1890,7.73E-05,
1891,0,,,1891,0,
1892,1.00E-14,,,1892,0,
1893,1.00E-14,,,1893,0,
1894,1.00E-14,,,1894,0,
1895,0.000349044,,,1895,0,
1896,0.00228679,,,1896,0,
1897,0.00435932,,,1897,0,
1898,0.00537367,,,1898,0,
1899,0.00558379,,,1899,0,
1900,0.00513657,,,1900,0,
1901,0.003764,,,1901,0,
1902,0.0016101,,,1902,0,
1903,0,,,1903,0,
1904,1.00E-14,,,1904,1.00E-14,
1905,1.00E-14,,,1905,1.00E-14,
1906,0.000166327,,,1906,0.000166327,
1907,0.0011449,,,1907,0.0011449,
1908,0.00206879,,,1908,0.00206879,
1909,0.0020478,,,1909,0.0020478,
1910,0.00107469,,,1910,0.00107469,
1911,0.000105167,,,1911,0.000105167,
1912,1.00E-14,,,1912,1.00E-14,
1913,1.00E-14,,,1913,1.00E-14,
1914,0,,,1914,0,
1915,1.00E-14,,,1915,0,
1916,1.00E-14,,,1916,0,
1917,0.00013414,,,1917,0,
1918,0.000923343,,,1918,0,
1919,0.00166844,,,1919,0,
1920,0.00165151,,,1920,0,
1921,0.00086672,,,1921,0,
1922,8.48E-05,,,1922,0,
1923,1.00E-14,,,1923,1.00E-14,
1924,1.00E-14,,,1924,1.00E-14,
1925,0,,,1925,5.23E-05,
1926,0,,,1926,0.00106795,
1927,0,,,1927,0.00223358,
1928,0,,,1928,0.00249003,
1929,0,,,1929,0.00150377,
1930,0,,,1930,0.000289593,
1931,0,,,1931,1.00E-14,
1932,0,,,1932,1.00E-14,
1933,0,,,1933,1.00E-14,
1934,0,,,1934,0.000621414,
1935,0,,,1935,0.00154802,
1936,0,,,1936,0.00194127,
1937,0,,,1937,0.00133297,
1938,0,,,1938,0.000375618,
1939,0,,,1939,1.00E-14,
1940,0,,,1940,1.00E-14,
1941,0,,,1941,1.00E-14,
1942,0,,,1942,0,
1943,0,,,1943,0,
1944,0,,,1944,0,
1945,1.00E-14,,,1945,0,
1946,1.00E-14,,,1946,0,
1947,0.000122404,,,1947,0,
1948,0.00125425,,,1948,0,
1949,0.00238614,,,1949,0,
1950,0.00238617,,,1950,1.00E-14,
1951,0.00125436,,,1951,1.00E-14,
1952,0.000122488,,,1952,1.00E-14,
1953,1.00E-14,,,1953,0.000482938,
1954,1.00E-14,,,1954,0.00132002,
1955,0,,,1955,0.00169712,
1956,0,,,1956,0.00108253,
1957,0,,,1957,0.000202943,
1958,1.00E-14,,,1958,0.000125614,
1959,1.00E-14,,,1959,0.00125162,
1960,1.00E-14,,,1960,0.0023872,
1961,0.000600523,,,1961,0.00225842,
1962,0.00212302,,,1962,0.00109817,
1963,0.00329969,,,1963,5.36E-05,
1964,0.00344485,,,1964,1.00E-14,
1965,0.00301077,,,1965,1.00E-14,
1966,0.00236704,,,1966,0,
1967,0.00132447,,,1967,0,
1968,0.000282488,,,1968,0,
1969,1.00E-14,,,1969,0,
1970,0.000392395,,,1970,0,
1971,0.000813725,,,1971,0,
1972,0.000681054,,,1972,0,
1973,0.000277015,,,1973,0,
1974,1.00E-14,,,1974,0,
1975,1.00E-14,,,1975,0,
1976,1.00E-14,,,1976,0,
1977,0.000554486,,,1977,0,
1978,0.00286879,,,1978,0,
1979,0.0047915,,,1979,0,
1980,0.00446222,,,1980,1.00E-14,
1981,0.00251134,,,1981,1.00E-14,
1982,0.000826167,,,1982,0,
1983,0.000205277,,,1983,0.000632724,
1984,1.42E-05,,,1984,0.00141641,
1985,1.00E-05,,,1985,0.00160313,
1986,0.00019031,,,1986,0.00097041,
1987,0.000597399,,,1987,0.000186697,
1988,0.00137512,,,1988,1.00E-14,
1989,0.00262685,,,1989,1.00E-14,
1990,0.00331171,,,1990,1.00E-14,
1991,0.00250979,,,1991,0.000549892,
1992,0.000915662,,,1992,0.00135195,
1993,1.00E-14,,,1993,0.00162805,
1994,1.00E-14,,,1994,0.00105227,
1995,1.00E-14,,,1995,0.000250183,
1996,0,,,1996,1.00E-14,
1997,0,,,1997,1.00E-14,
1998,0,,,1998,1.00E-14,
1999,0,,,1999,0.000443339,
2000,0,,,2000,0.00121966,
2001,0,,,2001,0.0016582,
2002,0,,,2002,0.00148654,
2003,0,,,2003,0.00105128,
2004,0,,,2004,0.000691139,
2005,0,,,2005,0.000341719,
2006,0,,,2006,5.51E-05,
2007,0,,,2007,1.00E-14,
2008,0,,,2008,1.00E-14,
2009,0,,,2009,0,
2010,0,,,2010,0,
2011,0,,,2011,0,
2012,0,,,2012,0,
2013,0,,,2013,0,
2014,0,,,2014,0,
2015,0,,,2015,0,
2016,0,,,2016,0,
2017,0,,,2017,0,
2018,0,,,2018,0,
2019,0,,,2019,0,
2020,0,,,2020,0,
2021,0,,,2021,0,
2022,0,,,2022,0,
2023,0,,,2023,0,
2024,0,,,2024,0,
2025,0,,,2025,0,
2026,1.00E-14,,,2026,0,
2027,1.00E-14,,,2027,0,
2028,0.000189137,,,2028,0,
2029,0.000983104,,,2029,0,
2030,0.00162415,,,2030,0,
2031,0.00143505,,,2031,1.00E-14,
2032,0.00064106,,,2032,1.00E-14,
2033,0,,,2033,0,
2034,1.00E-14,,,2034,0.000299412,
2035,1.00E-14,,,2035,0.000684698,
2036,0.000182131,,,2036,0.000885144,
2037,0.000933162,,,2037,0.000891462,
2038,0.00159447,,,2038,0.000844563,
2039,0.00157652,,,2039,0.000861263,
2040,0.00106906,,,2040,0.000902704,
2041,0.000838167,,,2041,0.000838167,
2042,0.00134234,,,2042,0.000392173,
2043,0.0021378,,,2043,1.00E-14,
2044,0.0027271,,,2044,0.000332158,
2045,0.00327601,,,2045,0.00191945,
2046,0.00344187,,,2046,0.00324462,
2047,0.0026496,,,2047,0.00282373,
2048,0.00107113,,,2048,0.00116604,
2049,1.00E-14,,,2049,1.00E-14,
2050,1.00E-14,,,2050,1.00E-14,
2051,1.00E-14,,,2051,1.00E-14,
2052,1.00E-14,,,2052,0,
2053,1.00E-14,,,2053,0,
2054,1.00E-14,,,2054,0,
2055,0.000212317,,,2055,0,
2056,0.000588518,,,2056,0,
2057,0.000849619,,,2057,1.00E-14,
2058,0.000889096,,,2058,1.00E-14,
2059,0.000840961,,,2059,1.00E-14,
2060,0.000838708,,,2060,4.79E-05,
2061,0.000881832,,,2061,0.000155077,
2062,0.000839522,,,2062,0.000722596,
2063,0.00058064,,,2063,0.00255036,
2064,0.000209436,,,2064,0.00493384,
2065,1.00E-14,,,2065,0.00571507,
2066,1.00E-14,,,2066,0.00391123,
2067,1.00E-14,,,2067,0.00145574,
2068,0.00015016,,,2068,0.000332566,
2069,0.000527531,,,2069,6.76E-05,
2070,0.0008215,,,2070,0,
2071,0.000811955,,,2071,1.00E-14,
2072,0.000725224,,,2072,1.00E-14,
2073,0.000968392,,,2073,1.00E-14,
2074,0.00181052,,,2074,1.00E-14,
2075,0.00246861,,,2075,1.00E-14,
2076,0.0020459,,,2076,0.000618258,
2077,0.000837855,,,2077,0.00188448,
2078,1.00E-14,,,2078,0.00247334,
2079,1.00E-14,,,2079,0.00170944,
2080,1.00E-14,,,2080,0.000481617,
2081,9.82E-05,,,2081,1.00E-14,
2082,0.000508533,,,2082,1.00E-14,
2083,0.000815333,,,2083,1.00E-14,
2084,0.000667396,,,2084,0,
2085,0.000247696,,,2085,0,
2086,1.00E-14,,,2086,0,
2087,1.00E-14,,,2087,0,
2088,1.00E-14,,,2088,0,
2089,0,,,2089,0,
2090,0,,,2090,0,
2091,0,,,2091,0,
2092,0,,,2092,0,
2093,0,,,2093,0,
2094,0,,,2094,0,
2095,0,,,2095,0,
2096,0,,,2096,0,
2097,0,,,2097,1.00E-14,
2098,0,,,2098,1.00E-14,
2099,0,,,2099,5.63E-05,
2100,0,,,2100,0.00116296,
2101,0,,,2101,0.00234232,
2102,0,,,2102,0.00234239,
2103,0,,,2103,0.00116318,
2104,0,,,2104,5.64E-05,
2105,0,,,2105,1.00E-14,
2106,0,,,2106,1.00E-14,
2107,0,,,2107,0,
2108,0,,,2108,0,
2109,0,,,2109,0,
2110,0,,,2110,0,
2111,0,,,2111,0,
2112,0,,,2112,0,
2113,0,,,2113,0,
2114,0,,,2114,0,
2115,0,,,2115,0,
2116,0,,,2116,0,
2117,0,,,2117,0,
2118,0,,,2118,0,
2119,0,,,2119,0,
2120,0,,,2120,0,
2121,0,,,2121,0,
2122,0,,,2122,0,
2123,0,,,2123,1.00E-14,
2124,0,,,2124,1.00E-14,
2125,0,,,2125,2.08E-05,
2126,0,,,2126,0.000396934,
2127,0,,,2127,0.000827404,
2128,0,,,2128,0.00102231,
2129,0,,,2129,0.00105408,
2130,0,,,2130,0.0009445,
2131,1.00E-14,,,2131,0.000607746,
2132,1.00E-14,,,2132,0.000173048,
2133,0.000226768,,,2133,1.00E-14,
2134,0.00117407,,,2134,1.00E-14,
2135,0.0018824,,,2135,1.00E-14,
2136,0.00154085,,,2136,1.00E-14,
2137,0.000571868,,,2137,1.00E-14,
2138,1.00E-14,,,2138,0.000101021,
2139,1.00E-14,,,2139,0.00103658,
2140,1.00E-14,,,2140,0.00187781,
2141,1.00E-14,,,2141,0.00165627,
2142,1.00E-14,,,2142,0.000685369,
2143,2.02E-05,,,2143,1.00E-14,
2144,0.000342785,,,2144,1.00E-14,
2145,0.000774343,,,2145,1.00E-14,
2146,0.00121807,,,2146,0,
2147,0.00175572,,,2147,0,
2148,0.00199433,,,2148,0,
2149,0.00160773,,,2149,0,
2150,0.000928999,,,2150,0,
2151,0.000437191,,,2151,0,
2152,8.54E-05,,,2152,0,
2153,1.00E-14,,,2153,0,
2154,1.00E-14,,,2154,0,
2155,1.00E-14,,,2155,0,
2156,8.03E-06,,,2156,0,
2157,1.11E-05,,,2157,0,
2158,1.05E-06,,,2158,0,
2159,0,,,2159,7.20E-06,
2160,0,,,2160,1.89E-05,
2161,1.01E-06,,,2161,1.00E-14,
2162,2.12E-05,,,2162,1.00E-14,
2163,2.03E-05,,,2163,1.00E-14,
2164,1.00E-14,,,2164,1.00E-14,
2165,1.00E-14,,,2165,0.000584867,
2166,1.00E-14,,,2166,0.00109629,
2167,0.000304926,,,2167,0.00136185,
2168,0.00111981,,,2168,0.00149003,
2169,0.00163461,,,2169,0.00148489,
2170,0.00193844,,,2170,0.0013407,
2171,0.00201248,,,2171,0.001062,
2172,0.00171039,,,2172,0.000541616,
2173,0.00123448,,,2173,1.00E-14,
2174,0.000997046,,,2174,1.00E-14,
2175,0.000977874,,,2175,1.00E-14,
2176,0.00110348,,,2176,1.00E-14,
2177,0.00145596,,,2177,2.04E-05,
2178,0.00192476,,,2178,7.31E-06,
2179,0.00209997,,,2179,0,
2180,0.00194656,,,2180,0,
2181,0.00157369,,,2181,0,
2182,0.000901293,,,2182,1.37E-05,
2183,2.27E-05,,,2183,2.85E-05,
2184,1.00E-14,,,2184,1.00E-14,
2185,1.00E-14,,,2185,1.00E-14,
2186,1.00E-14,,,2186,1.00E-14,
2187,2.58E-05,,,2187,1.00E-14,
2188,1.24E-05,,,2188,0.00053712,
2189,0,,,2189,0.00140346,
2190,0,,,2190,0.00265061,
2191,0,,,2191,0.00379161,
2192,0,,,2192,0.00419275,
2193,0,,,2193,0.00406151,
2194,3.44E-07,,,2194,0.00370585,
2195,7.01E-06,,,2195,0.00308759,
2196,5.44E-06,,,2196,0.00236785,
2197,1.00E-14,,,2197,0.00176627,
2198,1.00E-14,,,2198,0.00120699,
2199,1.00E-14,,,2199,0.000844333,
2200,1.00E-14,,,2200,0.000857948,
2201,0.000112311,,,2201,0.000953643,
2202,0.000536757,,,2202,0.000687453,
2203,0.0012132,,,2203,0.000130082,
2204,0.00172315,,,2204,1.00E-14,
2205,0.00193782,,,2205,1.00E-14,
2206,0.0019541,,,2206,1.00E-14,
2207,0.00174713,,,2207,1.57E-05,
2208,0.00130772,,,2208,9.42E-06,
2209,0.000835038,,,2209,0,
2210,0.000314739,,,2210,0,
2211,1.00E-14,,,2211,0,
2212,1.00E-14,,,2212,0,
2213,1.00E-14,,,2213,0,
2214,4.80E-06,,,2214,0,
2215,3.11E-05,,,2215,0,
2216,1.71E-05,,,2216,0,
2217,1.00E-14,,,2217,2.77E-06,
2218,1.00E-14,,,2218,9.33E-06,
2219,1.00E-14,,,2219,1.00E-14,
2220,0.000266353,,,2220,1.00E-14,
2221,0.000866689,,,2221,1.00E-14,
2222,0.00108187,,,2222,1.00E-14,
2223,0.000991508,,,2223,0.000155668,
2224,0.0010961,,,2224,0.000404549,
2225,0.00172581,,,2225,0.000685193,
2226,0.00240285,,,2226,0.000984376,
2227,0.00253303,,,2227,0.00128162,
2228,0.00223124,,,2228,0.00159732,
2229,0.00186316,,,2229,0.00172594,
2230,0.00143945,,,2230,0.00154116,
2231,0.00106721,,,2231,0.00121454,
2232,0.00104381,,,2232,0.000924699,
2233,0.00131124,,,2233,0.000626061,
2234,0.00169446,,,2234,0.000354144,
2235,0.00229049,,,2235,0.000127255,
2236,0.00281976,,,2236,1.00E-14,
2237,0.00286971,,,2237,1.00E-14,
2238,0.00256915,,,2238,1.00E-14,
2239,0.00182082,,,2239,1.00E-14,
2240,4.82E-05,,,2240,0.000625529,
2241,1.00E-14,,,2241,0.00179476,
2242,1.00E-14,,,2242,0.00245467,
2243,0.00194294,,,2243,0.00281612,
2244,0.00382371,,,2244,0.00287581,
2245,0.00470803,,,2245,0.00258971,
2246,0.00505342,,,2246,0.00204174,
2247,0.00481895,,,2247,0.00112432,
2248,0.00409016,,,2248,1.00E-14,
2249,0.00338726,,,2249,1.00E-14,
2250,0.00275548,,,2250,0.00036931,
2251,0.00206877,,,2251,0.00140033,
2252,0.0011531,,,2252,0.00232184,
2253,0.000169683,,,2253,0.00325743,
2254,1.00E-14,,,2254,0.00380792,
2255,0.000414101,,,2255,0.00396825,
2256,0.000978698,,,2256,0.00388405,
2257,0.0010515,,,2257,0.00358403,
2258,0.000928357,,,2258,0.00307816,
2259,0.000799199,,,2259,0.002481,
2260,0.000649009,,,2260,0.00175161,
2261,0.000429857,,,2261,0.00107902,
2262,2.70E-05,,,2262,0.000563411,
2263,1.00E-14,,,2263,0.000144505,
2264,1.00E-14,,,2264,1.00E-14,
2265,1.00E-14,,,2265,1.00E-14,
2266,0.000236254,,,2266,1.00E-14,
2267,0.000355537,,,2267,1.00E-14,
2268,0.000420982,,,2268,1.00E-14,
2269,0.000474419,,,2269,0.000288392,
2270,0.000504615,,,2270,0.000797526,
2271,0.000510918,,,2271,0.00137113,
2272,0.000492554,,,2272,0.00207767,
2273,0.00044983,,,2273,0.00272361,
2274,0.000384522,,,2274,0.00310592,
2275,0.00029637,,,2275,0.00330639,
2276,0.000177475,,,2276,0.0033375,
2277,1.00E-14,,,2277,0.00319567,
2278,1.00E-14,,,2278,0.0028745,
2279,1.00E-14,,,2279,0.00231104,
2280,1.00E-14,,,2280,0.00159787,
2281,1.24E-05,,,2281,0.000986016,
2282,1.93E-05,,,2282,0.000429403,
2283,0,,,2283,5.81E-06,
2284,1.00E-14,,,2284,1.00E-14,
2285,1.00E-14,,,2285,1.00E-14,
2286,1.00E-14,,,2286,1.00E-14,
2287,9.78E-05,,,2287,1.00E-14,
2288,0.000266291,,,2288,1.00E-14,
2289,0.000380264,,,2289,1.00E-14,
2290,0.000466438,,,2290,1.00E-14,
2291,0.000524692,,,2291,1.00E-14,
2292,0.00055516,,,2292,0.00028465,
2293,0.000558636,,,2293,0.000594878,
2294,0.000536159,,,2294,0.00080968,
2295,0.000486803,,,2295,0.000970974,
2296,0.000409272,,,2296,0.00108301,
2297,0.00030346,,,2297,0.00114109,
2298,0.000157605,,,2298,0.00114144,
2299,1.00E-14,,,2299,0.00108447,
2300,1.00E-14,,,2300,0.000970539,
2301,1.00E-14,,,2301,0.000799623,
2302,1.00E-14,,,2302,0.00057173,
2303,1.00E-14,,,2303,0.000242372,
2304,1.00E-14,,,2304,1.00E-14,
2305,1.00E-14,,,2305,1.00E-14,
2306,5.06E-05,,,2306,1.00E-14,
2307,0.000249387,,,2307,1.00E-14,
2308,0.000299085,,,2308,2.40E-05,
2309,0.000305,,,2309,5.64E-06,
2310,0.000432916,,,2310,0,
2311,0.000682836,,,2311,0,
2312,0.000889802,,,2312,0,
2313,0.00100077,,,2313,0,
2314,0.00105076,,,2314,0,
2315,0.00103974,,,2315,1.11E-05,
2316,0.000967737,,,2316,2.69E-05,
2317,0.000829417,,,2317,1.00E-14,
2318,0.00058834,,,2318,1.00E-14,
2319,0.000370908,,,2319,1.00E-14,
2320,0.000306943,,,2320,1.00E-14,
2321,0.000296112,,,2321,1.92E-05,
2322,0.000164852,,,2322,0.000502007,
2323,1.00E-14,,,2323,0.00118966,
2324,1.00E-14,,,2324,0.00175478,
2325,1.00E-14,,,2325,0.00212962,
2326,1.00E-14,,,2326,0.00237565,
2327,1.00E-14,,,2327,0.00249408,
2328,1.00E-14,,,2328,0.00248359,
2329,1.00E-14,,,2329,0.00233664,
2330,8.37E-05,,,2330,0.00204687,
2331,0.000303392,,,2331,0.00162511,
2332,0.000455012,,,2332,0.000991189,
2333,0.000558306,,,2333,0.000339656,
2334,0.000557378,,,2334,1.00E-14,
2335,0.00047606,,,2335,1.00E-14,
2336,0.000502837,,,2336,1.00E-14,
2337,0.000697834,,,2337,1.00E-14,
2338,0.000870143,,,2338,0,
2339,0.00092233,,,2339,1.00E-14,
2340,0.000904786,,,2340,1.00E-14,
2341,0.000800309,,,2341,1.00E-14,
2342,0.000604995,,,2342,1.00E-14,
2343,0.000492095,,,2343,0.000301007,
2344,0.000544902,,,2344,0.00105015,
2345,0.000595044,,,2345,0.00175329,
2346,0.000519385,,,2346,0.00201099,
2347,0.000378698,,,2347,0.00208842,
2348,0.000188802,,,2348,0.00240456,
2349,1.00E-14,,,2349,0.00296446,
2350,1.00E-14,,,2350,0.00322334,
2351,1.00E-14,,,2351,0.00296266,
2352,4.07E-05,,,2352,0.00256319,
2353,0.000211294,,,2353,0.00231903,
2354,0.000416257,,,2354,0.00211238,
2355,0.000650888,,,2355,0.00187039,
2356,0.000924378,,,2356,0.00158688,
2357,0.00116065,,,2357,0.00136912,
2358,0.00133294,,,2358,0.00126403,
2359,0.00145467,,,2359,0.00122691,
2360,0.00152124,,,2360,0.00127085,
2361,0.00153456,,,2361,0.00135272,
2362,0.0014974,,,2362,0.00123158,
2363,0.00141165,,,2363,0.000894947,
2364,0.00127351,,,2364,0.000672738,
2365,0.00107972,,,2365,0.000757558,
2366,0.000831607,,,2366,0.000883073,
2367,0.000482213,,,2367,0.000801203,
2368,9.48E-05,,,2368,0.000609394,
2369,1.00E-14,,,2369,0.00038461,
2370,7.75E-05,,,2370,0.000107984,
2371,0.000121161,,,2371,1.00E-14,
2372,1.00E-14,,,2372,1.00E-14,
2373,1.00E-14,,,2373,1.00E-14,
2374,1.00E-14,,,2374,1.00E-14,
2375,1.00E-14,,,2375,1.00E-14,
2376,1.33E-05,,,2376,1.33E-05,
2377,7.89E-06,,,2377,7.89E-06,
2378,0,,,2378,0,
2379,0,,,2379,0,
2380,0,,,2380,0,
2381,0,,,2381,0,
2382,0,,,2382,0,
2383,6.20E-06,,,2383,0,
2384,1.82E-05,,,2384,0,
2385,1.00E-14,,,2385,0,
2386,1.00E-14,,,2386,0,
2387,1.00E-14,,,2387,0,
2388,1.00E-14,,,2388,0,
2389,0.000111788,,,2389,0,
2390,0.000266356,,,2390,0,
2391,0.000392974,,,2391,0,
2392,0.000497378,,,2392,0,
2393,0.00057957,,,2393,0,
2394,0.000639549,,,2394,0,
2395,0.000677317,,,2395,0,
2396,0.000692869,,,2396,0,
2397,0.000741407,,,2397,0,
2398,0.000750474,,,2398,0,
2399,0.000335538,,,2399,0,
2400,1.00E-14,,,2400,0,
2401,1.00E-14,,,2401,0,
2402,1.00E-14,,,2402,0,
2403,0.00052699,,,2403,0,
2404,0.00145402,,,2404,0,
2405,0.00245309,,,2405,0,
2406,0.0033765,,,2406,0,
2407,0.00424617,,,2407,0,
2408,0.00486785,,,2408,0,
2409,0.00523153,,,2409,0,
2410,0.00540813,,,2410,0,
2411,0.00541095,,,2411,0,
2412,0.00522843,,,2412,0,
2413,0.00486703,,,2413,5.94E-05,
2414,0.00432973,,,2414,7.56E-05,
2415,0.00361808,,,2415,1.00E-14,
2416,0.00273217,,,2416,1.00E-14,
2417,0.00160594,,,2417,1.00E-14,
2418,1.80E-05,,,2418,1.00E-14,
2419,1.00E-14,,,2419,0.000929655,
2420,1.00E-14,,,2420,0.00165415,
2421,1.00E-14,,,2421,0.00225706,
2422,1.00E-14,,,2422,0.00278986,
2423,2.45E-05,,,2423,0.00319467,
2424,1.00E-14,,,2424,0.00326891,
2425,1.00E-14,,,2425,0.00304749,
2426,1.00E-14,,,2426,0.00287788,
2427,1.00E-14,,,2427,0.00282327,
2428,0.000490276,,,2428,0.0027294,
2429,0.0012318,,,2429,0.00255214,
2430,0.00188155,,,2430,0.00231088,
2431,0.00246514,,,2431,0.0019964,
2432,0.00296789,,,2432,0.00161046,
2433,0.00337365,,,2433,0.00115625,
2434,0.00368459,,,2434,0.000633664,
2435,0.0038993,,,2435,2.10E-05,
2436,0.00402004,,,2436,1.00E-14,
2437,0.00405204,,,2437,1.00E-14,
2438,0.00399519,,,2438,1.00E-14,
2439,0.00384527,,,2439,1.00E-14,
2440,0.00360067,,,2440,8.40E-05,
2441,0.00326197,,,2441,9.45E-06,
2442,0.00282679,,,2442,0,
2443,0.0022976,,,2443,0,
2444,0.00169414,,,2444,0,
2445,0.0010207,,,2445,0,
2446,0.00022944,,,2446,4.57E-06,
2447,1.00E-14,,,2447,8.24E-05,
2448,1.00E-14,,,2448,0,
2449,1.00E-14,,,2449,1.00E-14,
2450,1.00E-14,,,2450,1.00E-14,
2451,0.000120714,,,2451,1.00E-14,
2452,2.22E-05,,,2452,8.80E-05,
2453,0,,,2453,0.000342456,
2454,0,,,2454,0.000140738,
2455,2.40E-05,,,2455,0.000457772,
2456,0.000130858,,,2456,0.00138602,
2457,1.00E-14,,,2457,0.00241846,
2458,1.00E-14,,,2458,0.00349953,
2459,1.00E-14,,,2459,0.00449538,
2460,1.00E-14,,,2460,0.00526247,
2461,1.00E-14,,,2461,0.0058623,
2462,0.000812207,,,2462,0.00629485,
2463,0.00189885,,,2463,0.00656017,
2464,0.00280407,,,2464,0.00665826,
2465,0.00356577,,,2465,0.00658913,
2466,0.00421274,,,2466,0.00635275,
2467,0.00477765,,,2467,0.00594911,
2468,0.00502922,,,2468,0.00537868,
2469,0.00483906,,,2469,0.00464838,
2470,0.00446577,,,2470,0.00373469,
2471,0.00381831,,,2471,0.00242841,
2472,0.00345711,,,2472,0.00122876,
2473,0.00439489,,,2473,0.000939854,
2474,0.00585703,,,2474,0.000952899,
2475,0.00673134,,,2475,0.000238599,
2476,0.00726285,,,2476,1.00E-14,
2477,0.00749472,,,2477,1.00E-14,
2478,0.00742809,,,2478,1.00E-14,
2479,0.00700429,,,2479,1.00E-14,
2480,0.00600211,,,2480,1.00E-14,
2481,0.00552522,,,2481,1.00E-14,
2482,0.00618418,,,2482,1.00E-14,
2483,0.00686762,,,2483,1.00E-14,
2484,0.00694353,,,2484,1.00E-14,
2485,0.00670731,,,2485,0.00015809,
2486,0.00617284,,,2486,0.000752522,
2487,0.00536546,,,2487,0.00127442,
2488,0.00443383,,,2488,0.0017775,
2489,0.00334849,,,2489,0.00219979,
2490,0.00199184,,,2490,0.00198173,
2491,0.0003381,,,2491,0.001099,
2492,1.00E-14,,,2492,0.000734465,
2493,1.00E-14,,,2493,0.000967498,
2494,1.00E-14,,,2494,0.00155736,
2495,1.00E-14,,,2495,0.00251467,
2496,4.38E-05,,,2496,0.00374083,
2497,0.00012053,,,2497,0.0052127,
2498,0,,,2498,0.00682421,
2499,0,,,2499,0.00847527,
2500,0,,,2500,0.0101786,